{"type":"Topology","arcs":[[[1911,1270],[-182,106],[-90,-12],[-48,-39],[-17,-38]],[[1574,1287],[-27,35],[8,95]],[[1555,1417],[26,16],[-11,40]],[[1570,1473],[5,14],[87,-12],[42,-46],[48,-14],[125,34]],[[1877,1449],[34,-179]],[[2114,1004],[-128,91],[-4,28],[-52,59]],[[1930,1182],[-19,88]],[[1877,1449],[-10,51]],[[1867,1500],[52,4],[106,55],[87,4],[35,-19],[74,21]],[[2221,1565],[-13,-161],[-18,-39],[105,-103],[13,-29],[-4,-75],[-121,-57],[-69,-97]],[[1867,1500],[-39,42],[17,370],[-105,144],[-35,74],[-5,69]],[[1700,2199],[41,-14],[54,7],[-35,-34],[54,-54],[41,-76],[48,-10],[22,-28],[-6,-42],[19,-32],[69,-10],[26,-22],[35,-61],[2,-66],[37,-15],[38,40],[101,-5],[-16,-71],[35,-68],[-2,-39],[-42,-34]],[[1570,1473],[-60,-5],[-24,32],[16,33]],[[1502,1533],[26,25],[27,97],[99,-5],[63,58],[13,44],[-4,49],[-154,58],[-93,108],[0,23],[64,64],[13,51],[30,1],[97,111]],[[1683,2217],[17,-18]],[[1502,1533],[-19,27],[-65,18],[-189,5],[-59,62],[-56,-41],[-29,31],[-38,9],[-35,-24],[-26,21],[-147,17],[-69,-44],[-56,-7],[-94,84],[-66,-4]],[[554,1687],[4,30],[-61,68],[43,112],[-2,59],[-55,76],[39,83],[-16,122],[-26,48],[23,100],[26,-18],[35,14],[10,59],[13,8],[45,-38],[14,4],[45,77],[106,-23],[114,9],[83,210],[73,-1],[47,67],[34,-57],[74,-13],[47,-36],[86,-5],[30,-40],[-6,-80],[25,-17],[116,110],[87,9],[15,26],[82,-23],[30,-46],[-3,-56],[30,-57],[-17,-126],[-87,10],[-1,-75],[27,-60]],[[1930,1182],[-82,-10],[-154,-139],[0,-28]],[[1694,1005],[-138,48],[-42,47],[-6,35],[66,152]],[[2114,1004],[2,-121],[177,-235],[17,-67],[-15,12],[-25,-16],[-33,-52],[-69,-50],[-48,2],[-83,41],[-32,-6],[-78,-67],[-52,-5],[-47,-51],[-31,-68],[3,-22],[31,-4],[31,-34],[20,-69],[-5,-47],[-12,-28],[-82,-57],[-77,-32],[-121,-6],[-63,-22],[-52,74],[-11,41],[-43,43],[-111,39],[-71,162],[-5,35],[17,67]],[[1246,461],[129,45],[162,155],[9,59],[47,57],[-3,62],[41,75],[68,36],[-5,55]],[[1246,461],[11,33],[-161,153],[-23,2],[-48,-39],[-37,8],[-72,76],[-80,29],[-44,54],[-26,-4],[-20,-30],[10,-27],[61,-47],[-2,-35],[-25,-20],[-170,75],[-109,-80],[-101,33],[-64,-25],[-51,16],[-83,-50],[-25,31],[25,55],[-14,26],[-78,78],[-11,34],[-88,53],[-21,148],[10,52],[69,-8],[21,13],[107,262],[88,-29],[31,30],[29,0],[71,-50],[37,48],[-72,91],[-3,23],[26,69],[30,30],[57,4]],[[501,1543],[1,-26],[24,-20],[24,11],[28,-9],[128,-85],[69,-103],[61,-15],[40,-40],[19,-44],[76,2],[27,24],[142,7],[73,-35],[24,7],[80,110],[99,63],[139,27]],[[501,1543],[23,12],[-6,36],[36,96]]],"transform":{"scale":[0.00021867421138683292,0.00017300020715293462],"translate":[76.84251435748224,28.403052135245243]},"objects":{"delhi_1997-2012_district":{"type":"GeometryCollection","geometries":[{"arcs":[[0,1,2,3,4]],"type":"Polygon","properties":{"OBJECTID":99,"district":"Central","STATE":"Nation Capital Region"}},{"arcs":[[5,6,-5,7,8,9]],"type":"Polygon","properties":{"OBJECTID":167,"district":"East","STATE":"Nation Capital Region"}},{"arcs":[[10,11,-9]],"type":"Polygon","properties":{"OBJECTID":417,"district":"North East","STATE":"Nation Capital Region"}},{"arcs":[[-11,-8,-4,12,13,14]],"type":"Polygon","properties":{"OBJECTID":413,"district":"North","STATE":"Nation Capital Region"}},{"arcs":[[15,16,-14]],"type":"Polygon","properties":{"OBJECTID":420,"district":"North West","STATE":"Nation Capital Region"}},{"arcs":[[-7,17,18,-1]],"type":"Polygon","properties":{"OBJECTID":411,"district":"New Delhi","STATE":"Nation Capital Region"}},{"arcs":[[-6,19,20,-18]],"type":"Polygon","properties":{"OBJECTID":544,"district":"South","STATE":"Nation Capital Region"}},{"arcs":[[-2,-19,-21,21,22]],"type":"Polygon","properties":{"OBJECTID":550,"district":"South West","STATE":"Nation Capital Region"}},{"arcs":[[-13,-3,-23,23,-16]],"type":"Polygon","properties":{"OBJECTID":613,"district":"West","STATE":"Nation Capital Region"}}]}}}